nameCity,nameCountry,latitudeCity,longitudeCity
Butembo,Democratic Republic of the Congo,0.114047,29.3018011
Неготино,Macedonia,41.0377245,21.3300873
Brzeszcze,Poland,49.966515,19.177858
Tongjiang,China,47.642707,132.510919
Billdal,Sweden,57.5901299,11.9313139
Corona,United States,33.8781886,-117.5731991
Beilun,China,29.899044,121.844618
Kasserine,Tunisia,35.0809148,8.6600586
Panjakent,Tajikistan,39.3547141,67.8569785
Dingcheng,China,39.928353,116.416357
Wintzenheim,France,48.0684339,7.3273853
Valencia,Venezuela,10.1579312,-67.9972104
San Cristóbal Verapaz,Guatemala,15.3657777,-90.4792939
Mao,Dominican Republic,19.5403533,-71.0790048
Kadubera,Indonesia,-6.4594857,105.9141793
Sumberkertokrajan,Indonesia,-8.237963,112.5513677
Molsheim,France,48.5372073,7.5002842
Fatubia,Indonesia,-6.3904294,107.1733193
Opočno,Czech Republic,50.2609615,16.101507
Żyraków,Poland,50.0919002,21.3924958
Cáceres,Colombia,7.579029,-75.349545
Roseau,Dominica,15.3091676,-61.3793554
Janja,Bosnia and Herzegovina,44.666926,19.2469148
Zwolle,Netherlands,52.5470847,6.0237938
Svoge,Bulgaria,43.0007361,23.341193
Maia,Portugal,37.8307393,-25.3919027
Hexi,China,39.109563,117.223371
Rumenka,Serbia,45.3125176,19.7556505
Esquina,Argentina,-34.6161437,-58.5238406
Lugait,Philippines,8.3345712,124.2510844
Zelenoborskiy,Russia,66.870387,32.3919624
Kizlyar,Russia,59.902198,30.337848
Andrijevica,Montenegro,42.7362477,19.7859556
Xinghua,China,32.910459,119.85254
Ballymun,Ireland,53.3897152,-6.264963
Shuikou,China,26.319938,113.810157
Ipirá,Brazil,-12.1880654,-39.734338
Biscoitos,Portugal,38.6152027,-28.0339781
Verkh-Usugli,Russia,52.6886817,115.1891675
Sincé,Colombia,9.2633053,-75.1927805
Tuanshan,China,33.195993,105.606648
Madīnat Sittah Uktūbar,Egypt,29.9588757,30.9006905
Molchanovo,Russia,57.586388,83.771275
Ra-ngae,Thailand,6.2958736,101.7296049
Alor Setar,Malaysia,6.1244023,100.3674801
Mongu,Zambia,-15.2735504,23.1501117
Jixian,China,40.04606,117.408306
Des Moines,United States,41.6,-93.61
Pyrzyce,Poland,53.1460852,14.8924044
Węgliniec,Poland,51.2879708,15.2299326
Kallinge,Sweden,56.2270517,15.3137401
Yala,Thailand,6.5411018,101.2804075
Uiasa,Indonesia,-10.1508133,123.4551696
Beauvais,France,49.4263976,2.0887457
Callao,Peru,-12.0508491,-77.1259843
Stockholm,Sweden,47.0163969,-68.1430029
Gal’bshtadt,Russia,53.2264,78.9845
Yukou,China,37.942488,110.525111
Anhua Daying,China,24.414825,102.665768
Erechim,Brazil,-27.6849439,-52.2337184
Buka,Indonesia,-8.681402,115.1957203
Ust’-Koksa,Russia,50.270819,85.613152
Taza,Morocco,34.2105603,-3.9980485
Dūst Moḩammad Khān,Iran,31.1447,61.7925
Calheta,Cape Verde,15.229571,-23.2141352
Buerarema,Brazil,-15.0144051,-39.299866
Luntas,Indonesia,-8.1130067,112.0304508
Henghe,China,29.756501,121.507191
Springfield,United States,42.1144473,-72.4909026
Trat,Thailand,12.0310173,102.2928163
Kourou,French Guiana,5.1677581,-52.6449937
Raniżów,Poland,50.2709514,22.0218252
Kalinovo,Russia,57.131667,60.146389
Ning’an,China,44.34072,129.4828511
Bago City,Philippines,10.5712156,122.944471
Cầu Gồ,Vietnam,21.4761084,106.12575
Neyagawa,Japan,34.771214,135.606399
Independencia,Mexico,31.6749725,-106.4181775
Zarzal,Colombia,4.2886233,-76.0623979
Changjiang,China,30.5211502,112.8915932
Troparëvo,Russia,55.6558059,37.4793238
Zhenlai,China,45.847435,123.1998901
Juncheng,China,35.026516,111.00746
Kuryłówka,Poland,50.3068281,22.5169584
Dapuchaihe,China,42.884784,128.033416
Sandnes,Norway,58.848193,5.66466
Bouaké,Ivory Coast,7.690466,-5.0390536
Ajaccio,France,46.6473105,0.813275
Pārūn,Afghanistan,35.3170344,70.8744255
Buenavista,Mexico,16.7646627,-93.1569465
Sioux City,United States,42.5069391,-96.3598367
Zliten,Libya,32.2785242,14.5189214
Xinghua,China,32.910459,119.85254
Duekoué,Ivory Coast,6.7473801,-7.3624598
Margacina,Indonesia,-7.1282614,108.6591293
Urbano Noris,Cuba,20.5849821,-76.2247366
Paritaman,Indonesia,-0.6256517,100.1233396
Shāhzādpur,Bangladesh,24.1933092,89.573856
Brampton,United Kingdom,52.382748,1.580316
Gondang,Indonesia,-7.4417327,111.1056539
Listvyanskiy,Russia,54.4413911,83.4937253
Načeradec,Czech Republic,49.6101863,14.9063338
Zaña,Peru,-6.90821,-79.5772008
Símantra,Greece,40.3459138,23.3097061
Ksour Essaf,Tunisia,35.4175712,10.997658
Choma,Zambia,-16.8054223,26.9970153
Bergem,Luxembourg,49.5206119,6.0453754
Megati Kelod,Indonesia,-8.498277,115.0550008
Ta‘izz,Yemen,13.5775886,44.0177989
Narutō,Japan,35.6083867,140.410859
Liuji,China,32.460037,112.228897
Imbituba,Brazil,-28.2446355,-48.6764133
Mahābād,Iran,36.7683527,45.7337091
Minakuchi,Japan,37.0897128,138.1339233
Lębork,Poland,54.5343125,17.7510347
Rennes,France,47.9434065,-1.235807
Luleå,Sweden,67.1355975,20.6859936
Ylihärmä,Finland,63.1454739,22.7948195
Ngeni,Indonesia,-8.2463454,112.2085959
Kediri,Indonesia,-7.8480156,112.0178286
Vitória,Brazil,-20.2976178,-40.2957768
Keleng,Indonesia,-7.590458,109.1077389
Paris 19,France,48.8858655,2.3839746
Novaya Chigla,Russia,51.2221617,40.4794612
Dornava,Slovenia,46.4356499,15.952954
Dul’durga,Russia,50.6749519,113.5905613
Villeta,Colombia,5.011706,-74.470362
Wangi,Indonesia,-5.282644,123.5839983
Uluale,Indonesia,-3.9164982,119.7397084
Kärdla,Estonia,58.9982038,22.7468094
Barreirinhas,Brazil,-2.759,-42.8236209
Laojunpo,China,35.74716,105.42118
Xarardheere,Somalia,4.6559524,47.8563151
Dongsheng,China,39.822507,109.963338
Freixo de Numão,Portugal,41.0672146,-7.2170293
Kimil’tey,Russia,54.141449,101.978668
Överkalix,Sweden,66.2185015,23.0524409
Gulou,China,39.9416682,116.3958807
Cerava,Albania,40.8508894,20.7256564
Maubin,Myanmar,16.7260699,95.6484241
Volnovakha,Ukraine,47.5951141,37.4831419
Kīevka,Kazakhstan,50.2603928,71.5485944
Tužno,Croatia,46.254048,16.2368405
Alagoinhas,Brazil,-12.1339194,-38.4211655
Kauhan,Indonesia,-8.4711768,115.6153885
Ilare,Nigeria,7.7906768,4.8002333
Pābna,Bangladesh,24.0308651,89.2275131
Causwagan,Philippines,10.3719544,123.9153917
Taohuajiang,China,28.520684,112.140063
Oceanside,United States,33.192168,-117.3028803
Omigawa,Japan,35.8550956,140.6058841
Huangjin,China,25.8516667,114.7766667
Huanglin,China,25.9152,115.626796
Capalonga,Philippines,14.273035,122.564262
Lohong,Indonesia,-0.6311749,100.1192169
Kilmacanoge,Ireland,53.171935,-6.139018
Lipin Bor,Russia,60.2615318,37.9796654
Ceres,South Africa,-33.2825097,19.3247866
Koloniya Zastav’ye,Ukraine,50.81667,27.03333
Ghār al Milḩ,Tunisia,37.1686873,10.188536
Sheli,China,36.557474,116.747092
Niny,Russia,44.4868448,43.9408057
Gushan,China,25.423994,119.038321
Duri,Indonesia,1.259619,101.213097
Metchosin,Canada,48.382005,-123.53785
Shanghu,China,31.2303904,121.4737021
Beizhang,China,36.09873,113.324384
Jasper Park Lodge,Canada,52.8861365,-118.0572366
Peliyagoda,Sri Lanka,6.964703,79.881693
Maszewo Duże,Poland,52.579839,19.6295361
Mirzec,Poland,51.1501056,21.0487361
Montpellier,France,47.3752386,-0.8453268
Garagoa,Colombia,5.082453,-73.365046
Costa Sacate,Argentina,-31.646394,-63.760259
Gualeguay,Argentina,-34.6961915,-58.8423829
Xi’an,China,34.341574,108.93977
Sayaxché,Guatemala,16.5303424,-90.1894032
Yongfeng,China,27.318852,115.444319
Rossosh’,Russia,50.1987725,39.5632497
Şānūr,Palestinian Territory,32.358901,35.246147
Götene,Sweden,58.5118215,13.4761783
Mawlamyinegyunn,Myanmar,16.3838587,95.2606084
San Ramón,Peru,-11.1215276,-75.3587075
La Punta,Argentina,-28.4134906,-64.7629972
Cha’anpu,China,28.642843,111.161288
Bratsigovo,Bulgaria,42.0070624,24.4410972
Sancti Spíritus,Cuba,21.9327554,-79.4366324
Vårgårda,Sweden,57.9760319,12.9355428
Basse-Terre,Guadeloupe,16.0072833,-61.7159101
Temirtau,Kazakhstan,50.0509609,72.9660737
Kupu,China,-8.47822,115.245682
Krzemieniewo,Poland,51.857861,16.8415115
Lunsar,Sierra Leone,8.6881283,-12.5355393
Lypova Dolyna,Ukraine,50.6162099,33.8468153
Kisesa,Tanzania,-3.097,34.108189
Nangalimang,Indonesia,-8.6436471,122.2001457
Mileb,Philippines,14.6293712,121.1072374
São Caetano do Sul,Brazil,-30.2196952,-51.0985192
Paombong,Philippines,14.834691,120.78195
Carriedo,Philippines,14.6004472,121.030802
Gózd,Poland,51.378691,21.3788326
Pedome,Portugal,41.414967,-8.3881947
Dongting,China,28.8876615,112.5841075
Thawi Watthana,Thailand,13.78851,100.33334
Åkersberga,Sweden,59.4871523,18.4207352
Lyon,France,43.0429124,1.9038837
Gokwe,Zimbabwe,-18.2167271,28.9470422
Rizómilos,Greece,37.0038961,21.9202642
Haumeni,Indonesia,-9.8895144,124.6552328
Góra,Poland,51.669945,16.5376529
Banjar Kampungbugis,Indonesia,0.5299444,123.063975
Da-an Sur,Philippines,11.2666664,122.5333328
Pasirjengkol,Indonesia,-6.3045618,107.346448
Pryamitsyno,Russia,51.6561,35.9314
Göteborg,Sweden,57.731461,12.0599176
Butterworth,Malaysia,5.4552197,100.4115631
Jiaocun,China,28.228271,104.565145
Krasnosilka,Ukraine,46.6211188,30.7719233
Isabela,Philippines,16.9822955,121.644372
Växjö,Sweden,56.6444907,14.224297
Santo Niño,Philippines,14.3839328,121.050126
Barakani,Comoros,-12.1392325,44.4311608
Proástion,Greece,37.9512175,23.4910916
Changning,China,31.220367,121.424624
Jiacun,China,31.2467156,121.445175
Golubinci,Serbia,44.9811213,20.0818204
Changtan,China,24.64995,116.156645
Tiền Hải,Vietnam,20.3609414,106.5584071
Strömstad,Sweden,57.7194979,11.9142911
Ad Dimnah,Yemen,13.4535926,44.18389
Douniani,Comoros,-11.4260053,43.2968632
Maigo,Philippines,8.1180013,123.9864049
Ngozi,Burundi,-2.9083521,29.8265492
Dmitrov,Russia,56.2340628,37.5182622
Laventille,Trinidad and Tobago,10.6485481,-61.495357
Porto Feliz,Brazil,-23.2248099,-47.4882762
Litian,China,25.60162,103.817356
La Cruz,Mexico,23.9211737,-106.8915948
Mariel,Cuba,22.9874431,-82.7535929
Lazo,Russia,43.3815181,133.9055702
Querecotillo,Peru,-4.8383044,-80.6482153
Rumenka,Serbia,45.3125176,19.7556505
Shahrīār,Iran,35.6706771,51.0227587
Lagayan,Philippines,17.775429,120.683745
Sydney,Australia,-33.7974423,151.2502275
Göteborg,Sweden,57.7316019,12.0703707
Noailles,France,44.3324131,-0.1518541
Mauá,Brazil,-23.668163,-46.4617086
Santa Rita,Bolivia,-17.9808139,-63.3697226
San Eduardo,Philippines,14.7247931,121.0315758
Kolpny,Russia,52.2183563,35.2154784
Shigutang,China,24.348178,113.151358
Limoges,France,45.521519,3.5276642
Sanjiang,China,25.783198,109.607675
Karanggeneng,Indonesia,-7.5173045,110.5933862
Linpu,China,30.045109,120.249049
Puerto Quellón,Chile,-43.1169327,-73.6138821
Opatov,Czech Republic,49.224335,15.6616683
Gereshk,Afghanistan,31.8299494,64.5681086
Huangqi,China,44.284636,129.459707
Kholbon,Russia,51.88333,116.25
Gornji Petrovci,Slovenia,46.7976469,16.233744
Kamen’-na-Obi,Russia,53.731482,81.3070974
Huilong,China,30.304377,103.686294
Pariaman,Indonesia,-0.6256517,100.1233396
Banjar Sedang,Indonesia,-8.5740103,115.2379322
Nurmo,Finland,62.8291624,22.910026
Adelaide,Australia,-34.9284989,138.6007456
Renxian,China,37.120983,114.671935
Rerawere,Indonesia,-8.5793,121.57227
Independencia,Mexico,19.3803931,-99.1476908
Ugbokpo,Nigeria,7.679352,7.9266015
Boljevci,Serbia,44.6956711,20.2671882
Pinheiral,Brazil,-22.5383309,-44.0103922
Tarxien,Malta,35.8659607,14.5139265
Thị Trấn Hùng Quốc,Vietnam,22.8533627,106.3287199
Gaotuo,China,41.132444,122.660989
Ubrub,Indonesia,-3.1914976,140.8872648
David,Panama,8.4007278,-82.4427769
Xinglongquan,China,37.546455,121.369038
Jingkou,China,32.19828,119.47016
Gravataí,Brazil,-29.942289,-50.9907877
Peishe,China,35.295007,111.326555
Una,Brazil,-15.2090734,-39.1959729
Qandala,Somalia,11.4720137,49.8739267
Ust-Kamenogorsk,Kazakhstan,49.9749295,82.6017244
Avesta,Sweden,60.145521,16.17123
Chengji,China,30.572815,104.066801
San Cristóbal,Venezuela,7.7713572,-72.2261466
Delson,Canada,45.3689432,-73.5408926
Ruma,Serbia,45.0075322,19.8227166
Hushi,China,25.315243,119.090741
Vale de São Cosme,Portugal,41.4514619,-8.4873087
Luntas,Indonesia,-8.1130067,112.0304508
Wilcza,Poland,50.188406,18.598769
Hondo Valle,Dominican Republic,18.5049101,-69.8296974
Lidong,China,39.9791423,117.0643296
Chavães,Portugal,41.0882428,-7.5686677
Skopin,Russia,53.8257473,39.556825
Santiago De Compostela,Spain,42.8970535,-8.5418899
Imbituva,Brazil,-25.2641605,-50.6378804
Cikai,China,27.7443962,98.6654381
Ailibugai,China,28.6693449,115.899378
Muara,Indonesia,-0.670315,100.962601
Baima,China,29.528923,104.990101
Langkapcaang Hilir,Indonesia,-6.5483,105.9235
Australia Square,Australia,-33.8651294,151.2078882
Xunqiao,China,31.058765,121.315718
Galapa,Colombia,10.898923,-74.883823
Virje,Croatia,46.0473698,16.9785233
Maanĭt,Mongolia,45.8309803,94.80205
Jiangbu,China,33.1401715,119.7889248
Matsutō,Japan,35.2495378,136.8995543
Pelem,Indonesia,-7.7607338,112.1698476
Langzhong,China,31.558356,106.005046
Kizlyar,Russia,59.902198,30.337848
Longonjo,Angola,-12.9018025,15.2458111
Menol,Indonesia,-7.4869186,108.4691492
Osielec,Poland,49.6805192,19.7822663
Lubień,Poland,49.6968574,19.9506717
Pétionville,Haiti,18.5138139,-72.2881907
Puerta de Corral Quemado,Argentina,-34.6255137,-58.4322185
Calumpang,Philippines,14.6527027,121.0271174
Andong,South Korea,36.5683543,128.729357
Putrajaya,Malaysia,2.9329721,101.6259842
Muting,Indonesia,-7.3162208,140.4308159
5 de Mayo,Mexico,19.2874648,-99.6494479
Yutan,China,41.244729,-96.3966046
Bystryanka,Russia,52.2215511,85.7616347
Trinidad,Uruguay,-33.5201418,-56.9042201
Masachapa,Nicaragua,11.7874103,-86.5141817
Kasimov,Russia,54.881319,41.433405
Jabungsisir,Indonesia,-7.7232567,113.4686802
Barnaul,Russia,53.3276146,83.7603436
Verkhnya Rozhanka,Ukraine,48.7799795,23.51569
Mangga Dua,Indonesia,-6.1418556,106.8281623
Norrtälje,Sweden,59.7620958,18.7017911
Thetford-Mines,Canada,46.1098585,-71.2983257
Yuktae-dong,North Korea,40.026852,128.161102
Lyubech,Ukraine,51.700259,30.6625433
Heredia,Costa Rica,9.979992,-84.158761
Camp Flora,Philippines,14.6387213,121.0505978
Dongkeng,China,22.995838,113.933872
Ōiso,Japan,35.3517729,139.2972985
Issy-les-Moulineaux,France,48.821908,2.2615744
Tromsø,Norway,69.63186,18.9221
Benisheikh,Nigeria,11.804149,12.5183307
Zyukayka,Russia,58.2084997,54.707343
Doumen,China,22.2092,113.296467
Vrachnaíika,Greece,38.1625093,21.6682269
Kuala Terengganu,Malaysia,5.329576,103.1369108
Delareyville,South Africa,-26.69475,25.4735999
Idtig,Philippines,6.6999998,124.7833328
Selajambe Satu,Indonesia,-7.11833,108.45883
Ängelholm,Sweden,56.2369096,12.882661
Ifakara,Tanzania,-8.139894,36.681728
Concepción,Chile,-36.8201352,-73.0443904
Athi River,Kenya,-1.4577245,36.9785033
Alfeizerão,Portugal,39.5016783,-9.1028729
Brandsen,Argentina,-34.6381227,-58.3787726
Jiyang,China,36.978537,117.173524
Isesaki,Japan,36.4257359,139.9802454
Sirnasari,Indonesia,-6.633688,107.1573142
Charneca da Cotovia,Portugal,38.4832851,-9.1025502
San Isidro de Lules,Argentina,-26.924287,-65.3379779
Dū Laīnah,Afghanistan,34.15599,64.78566
Babak,Philippines,7.0583573,125.7222954
Erong,China,28.79188,98.397783
Detik Satu,Indonesia,-6.9244486,107.6365834
Jianling,China,23.013168,109.804001
Liujiachang,China,33.2934023,119.282264
Nandayure,Costa Rica,10.0307694,-85.2294397
Maunggora,Indonesia,-8.8043,121.5146
San Jerónimo,Peru,-13.54918,-71.893158
Chotcza,Poland,51.1227795,21.4274273
Danao,Philippines,9.9578348,124.1789637
Xiaoguwei,China,23.044969,113.398429
Arvayheer,Mongolia,46.272878,102.7790303
Sölvesborg,Sweden,56.0633738,14.5468659
Remedios,Colombia,7.027766,-74.692965
Kambaxoi,China,28.3,88.53333
Tallahassee,United States,30.4124334,-84.2831162
Killumney,Ireland,52.6638144,-8.6340751
Camaquã,Brazil,-30.8493976,-51.8048311
Genting,Indonesia,3.7,98.166667
Tandou,China,22.884044,112.145432
Santiago Nonualco,El Salvador,13.5096503,-88.9389921
Jīsh,Israel,33.021266,35.447949
Lukhovka,Russia,54.1456181,45.2504398
Utajärvi,Finland,64.8923524,27.5304357
Libertador General San Martín,Argentina,-34.6893836,-58.5801516
Botou,China,38.083437,116.578368
Железный порт,Ukraine,46.1236303,32.2912714
Biecz,Poland,49.73554,21.26331
Marondera,Zimbabwe,-18.1929582,31.5427093
Długosiodło,Poland,52.7765719,21.5903277
Hampang,Indonesia,-3.283333,115.75
Watuagung,Indonesia,-7.9954685,110.9417222
Jarabacoa,Dominican Republic,19.1168606,-70.6097821
Hantai,China,33.06777,107.031856
Udënisht,Albania,40.9629693,20.6377502
Billère,France,43.3011387,-0.3861522
Sanhe,China,39.982718,117.078294
Kasangulu,Democratic Republic of the Congo,-4.5887697,15.1668326
Liushutun,China,42.632281,122.980034
Cerro Colorado,Uruguay,-33.8603461,-55.5441311
Polowat,Micronesia,7.357338,149.200361
‘Arab ar Rashāydah,Palestinian Territory,31.57112,35.23227
Korolëv Stan,Belarus,53.9865,27.7982
Nusaherang,Indonesia,-7.0142083,108.4335393
Faḩmah,Palestinian Territory,32.38291,35.17912
Neglasari,Indonesia,-6.147133,106.6232359
Haolibao,China,42.654146,122.749282
Labo,Philippines,14.156592,122.830067
Wilkowice,Poland,49.7624347,19.0904515
Nikita,Ukraine,44.5143074,34.2353848
Zhangxiang,China,31.3211873,121.2478052
Van Nuys,United States,34.2,-118.47
Luleå,Sweden,65.6136708,22.1096478
Fenghuang,China,27.948308,109.599191
Panalanoy,Philippines,11.25111,125.00639
Cruces,Cuba,22.332599,-80.2711588
Rosice,Czech Republic,49.3320487,15.6123444
Maubeuge,France,50.2748915,3.9727365
Oemanu,Indonesia,-9.1562915,124.6690605
Bobojong,Indonesia,-6.7535737,107.260056
Lingda,China,31.203196,119.301861
Now Zād,Afghanistan,32.4000226,64.4318916
Pszczew,Poland,52.4874765,15.7562659
Coruripe,Brazil,-10.0519585,-36.2196853
Basyūn,Egypt,30.9422647,30.8157423
Zhuqi,China,22.270978,113.576677
Fort Abbās,Pakistan,29.2083348,72.8578648
Guyancourt,France,48.7865463,2.054647
Watubuku,Indonesia,-8.605,122.743
Zdolbuniv,Ukraine,50.5089112,26.2566443
Changpu,China,30.718837,116.262661
Moate,Ireland,53.3604483,-6.1942058
Xinmen,China,24.479833,118.089425
Türkmenbaşy,Turkmenistan,40.0336591,52.9759299
Benešov nad Černou,Czech Republic,48.7233569,14.6338236
Corredoura,Portugal,38.4576605,-9.1065809
Tianya,China,18.298167,109.452379
Changning,China,31.220367,121.424624
Yangchao,China,24.77848,110.496593
Dve Mogili,Bulgaria,43.5592985,25.9323591
Siqian,China,30.711012,116.242861
Primorsko-Akhtarsk,Russia,45.674028,38.856404
Limoges,France,45.521519,3.5276642
Gandoang,Indonesia,-6.4104949,107.0126076
Bakuriani,Georgia,41.7509723,43.5291848
Mhlume,Swaziland,-26.043518,31.8135556
Áno Kopanákion,Greece,37.28333,21.81667
‘Amrān,Yemen,16.2569214,43.9436788
Korydallós,Greece,37.9810474,23.6498494
Magok,Indonesia,-6.2839964,106.7895416
Shangshuai,China,24.245418,112.047678
Phayakkhaphum Phisai,Thailand,15.5216056,103.2201828
Cogtong,Philippines,9.8220686,124.5140325
Emmeloord,Netherlands,52.6863286,5.7569797
Panggung,Indonesia,-6.8582288,109.1508428
Diang,Cameroon,4.5778968,13.3500652
Codoi,China,30.466314,92.55497
les Escaldes,Andorra,42.5100804,1.5387862
Chacarita,Costa Rica,9.97788,-84.762933
Takum,Nigeria,7.2576942,9.9744535
Colombes,France,48.923882,2.2593884
Markaryd,Sweden,56.4477313,13.6156546
Kozakai-chō,Japan,34.799583,137.3616256
Shanghu,China,31.2303904,121.4737021
Stockholm,Sweden,47.0171563,-68.1430273
Sơn Hà,Vietnam,15.0431944,108.5700636
Liloy,Philippines,8.1219,122.673813
Briey,France,49.2630058,5.9291577
Tianzhou,China,23.681533,110.584168
Qārah,Syria,34.1540161,36.7442377
Chavão,Portugal,41.4472964,-8.5893138
Vilela,Portugal,41.2365246,-8.3826794
Limbi,Comoros,-12.2446158,44.5057388
Guangsheng,China,23.14855,113.249429
Rautalampi,Finland,62.6243044,26.8277488
Tuam,Ireland,53.49417,-8.83565
Kusŏng,North Korea,39.9474202,125.2230626
Gunungsubang,Indonesia,-7.370819,108.1976493
Qaffīn,Palestinian Territory,32.433378,35.0843
Studzionka,Poland,49.9636769,18.7713574
Níkaia,Greece,37.9746194,23.6412944
Mpumalanga,South Africa,-26.6536509,28.5914696
Fushan,China,23.021478,113.121435
Carleton Place,Canada,45.129308,-76.1423766
Campo Belo,Brazil,-20.8938356,-45.2721363
Cadiz,Spain,36.5052612,-6.2761016
Ngaoundéré,Cameroon,7.3381488,13.5668302
Luzern,Switzerland,47.0641228,8.2785907
Port-au-Prince,Haiti,18.594395,-72.3074326
Zboriv,Ukraine,49.660696,25.1434666
Jinhe,China,26.695419,101.841707
Gio Linh,Vietnam,16.9165711,107.0303221
Suyo,Philippines,16.8759704,120.8934263
Leonídio,Greece,37.1672767,22.8592838
Nixi,China,28.062918,99.492635
Tours,France,47.3892142,0.6942885
Tríkala,Greece,39.5557317,21.7678951
Köln,Germany,50.9173381,7.0902515
Mosquera,Colombia,4.6802367,-74.2296713
Posse,Brazil,-14.226324,-46.4393054
Kamloops,Canada,50.66648,-120.3192
Jingdang,China,31.422941,116.892944
Padas,Indonesia,-2.576499,112.542
Tierra Blanca,Mexico,18.4458276,-96.3598367
Sendangrejo,Indonesia,-7.7262888,110.2683286
Sātkhira,Bangladesh,22.3154812,89.1114525
Changjiang,China,30.5211502,112.8915932
Loutráki,Greece,37.9759033,22.9774589
Guinabsan,Philippines,8.9085671,125.4008484
Daguo,China,38.070311,114.411459
Cibulakan,Indonesia,-6.82482,107.0997164
Płock,Poland,52.5363656,19.7751366
Nara,Mali,15.1689378,-7.2895663
Santa Rosa de Cabal,Colombia,4.870121,-75.62239
Otradnoye,Russia,55.86328,37.621698
Uyutne,Ukraine,45.1973827,33.2979082
Huatanshan,China,28.706919,117.821005
Tīrān,Iran,32.7014728,51.1559259
Monastir,Tunisia,35.7642515,10.8112885
Onitsha,Nigeria,6.1413122,6.8029489
Bressuire,France,46.8118134,-0.5451553
Dulangan,Philippines,13.4730203,120.9720855
Wuṯahpūr,Afghanistan,34.91914,71.09863
Pakis,Indonesia,-7.9675395,112.7032945
La’ershan,China,28.138525,109.326383
Assiniboia,Canada,49.63336,-105.98446
Cournon-d'Auvergne,France,45.742007,3.199309
Néa Vrasná,Greece,40.7046234,23.652122
Maralal,Kenya,1.0931431,36.7018311
Krajan Atas Suger Lor,Indonesia,-8.0650276,113.8011498
Sharkawshchyna,Belarus,55.3682716,27.4703402
Ghāt,Libya,24.9640371,10.1759285
Dumaguete,Philippines,14.6511524,121.0314508
Quebrada de Arena,Honduras,15.8087834,-85.9355648
Iitti,Finland,60.9417483,26.3923127
Siemiątkowo,Poland,52.8803476,20.0444513
Hongshunli,China,39.158445,117.195351
Nozdrzec,Poland,49.757244,22.2174725
Peredovaya,Russia,44.119138,41.472429
Las Toscas,Uruguay,-34.7647679,-55.738391
K’anak’erravan,Armenia,40.24739,44.53511
Pontevedra,Philippines,14.6912206,121.109772
Lukovë,Albania,39.9915265,19.9154479
Yermish’,Russia,54.76778,42.27111
Svalöv,Sweden,55.9128355,13.0879461
Chahe,China,19.238934,108.957345
Shalakusha,Russia,62.2245877,40.2634504
Ḏânan,Djibouti,11.183333,42.933333
Mospyne,Ukraine,47.8748302,38.0671601
Kolyshley,Russia,52.704412,44.5519415
Lens,France,46.280212,-0.4601725
Roblin,Canada,51.22999,-101.3565
Dār Kulayb,Bahrain,26.0696179,50.5006231
Əhmədbəyli,Azerbaijan,39.5791451,47.5422138
Daping,China,24.094765,116.00509
Sigiriya,Sri Lanka,7.9306264,80.7207444
Aimorés,Brazil,-19.4959312,-41.0713439
Lille,France,44.1675867,2.0308233
L'Union,France,47.8632224,0.8648422
Uiasa,Indonesia,-10.1508133,123.4551696
Aughrim,Ireland,53.2987724,-6.366762
A’ershan,China,47.17744,119.943575
Areguá,Paraguay,-25.3023088,-57.411826
Talā,Egypt,30.6795086,30.9427433
Christiana,South Africa,-27.8846801,25.1533426
Al ‘Udayn,Yemen,14.0119593,43.8673222
Qingtong,China,38.383059,114.353175
Lanpelan,Indonesia,-6.9819,113.5989
Baimi,China,32.5181019,120.2550167
Ar Rujum,Yemen,15.4584584,43.6303053
Gegu,China,38.988722,117.508856
Lac-Brome,Canada,45.21678,-72.51581
Anjozorobe,Madagascar,-18.4001194,47.8699039
Trollhättan,Sweden,58.316667,12.3166671
Moijabana,Botswana,-22.433333,26.416667
Pingshan,China,22.691253,114.346251
Taurage,Lithuania,55.4046005,22.5703273
Bohai,China,38.8495365,119.7889248
Los Angeles,United States,34.050751,-118.3841777
Boto,Indonesia,-7.6155876,110.7167165
Senhor do Bonfim,Brazil,-10.459783,-40.1868956
Novogurovskiy,Russia,54.4676703,37.3384052
Sölvesborg,Sweden,56.0302709,14.7602035
Badajoz,Spain,38.8744567,-6.9786326
Bremerhaven,Germany,53.5567847,8.5929499
Mrozy,Poland,52.1379258,21.828508
Heihe,China,50.245129,127.528293
Johor Bahru,Malaysia,1.5484759,103.7983752
Cheonan,South Korea,36.815129,127.1138939
Biryulëvo Zapadnoye,Russia,55.590397,37.6278499
Maibu,Philippines,14.7040326,121.0657914
Longhua,China,22.656408,114.019351
Baião,Portugal,41.1617715,-8.035514
Ílion,Greece,38.0307786,23.7038541
General Luna,Philippines,14.5638721,121.0327599
Juripiranga,Brazil,-7.3554007,-35.2258365
Danyang,China,32.010214,119.606439
Pingba,China,26.405715,106.256412
Barakī Barak,Afghanistan,33.9690929,68.9509787
Huaribamba,Peru,-12.266667,-74.95
Levin,New Zealand,-40.6032394,175.3756249
Sakura,Japan,38.1086472,140.8706157
Flin Flon,Canada,54.7769326,-101.8448368
San Francisco,Mexico,20.8965838,-105.4093552
Seixo,Portugal,40.4603188,-8.72233
Jamundí,Colombia,3.1377116,-76.5929658
Trakan Phut Phon,Thailand,15.610054,105.019512
Rancabugel,Indonesia,-6.4092325,106.0375673
Uherský Brod,Czech Republic,49.0225427,17.6411818
Wangwu,China,35.2,112.1666667
Yangsan,South Korea,35.3350072,129.0371689
Ar Rifā‘,Bahrain,26.1226062,50.534262
Cisiih,Indonesia,-6.7654881,106.3011265
Luzhuangzi,China,39.70864,114.830895
Xiyang,China,37.612712,113.707184
Chaiyaphum,Thailand,13.7387938,100.5072582
Pali,Indonesia,-2.982802,119.663002
Mem Martins,Portugal,38.7831391,-9.3478294
Cabano,Canada,47.68065,-68.8781
Rafaela,Argentina,-30.9392897,-61.5429067
Wyszków,Poland,52.5928523,21.458395
Saguiaran,Philippines,8.039166,124.268625
Yanahuaya,Peru,-14.2576342,-69.1692951
Dmanisi,Georgia,41.3298054,44.2073125
Ljig,Serbia,44.2267007,20.2359415
Manaloal,Philippines,14.6419036,121.0120679
Ceres,South Africa,-33.2825097,19.3247866
Żabbar,Malta,35.877092,14.544192
Las Ánimas,Honduras,14.2054868,-86.6069287
Saryshaghan,Kazakhstan,46.119266,73.6086655
Ararat,Armenia,39.8551211,44.6942731
Miyata,Japan,38.5779674,140.8225484
Fenshui,China,42.611806,-71.3329476
Chegang,China,47.349916,130.297964
Huanggang,China,30.453667,114.872199
Nysa,Poland,50.4703083,17.3392829
Kamina,Democratic Republic of the Congo,-8.7368981,24.9872821
Kamenný Přívoz,Czech Republic,49.8618582,14.509899
Altanbulag,Mongolia,50.3100516,106.4966629
Quinta,Portugal,39.5481333,-118.5748667
Colmeal,Portugal,40.3876316,-8.708411
Pueblo Nuevo,Panama,9.0144214,-79.5125662
Hwasun,South Korea,35.0645029,126.9864799
Beibao,China,34.349487,107.997326
Gakem,Nigeria,6.7703871,8.9935558
Shilaoren,China,36.091367,120.494295
Cacaopera,El Salvador,13.7721417,-88.0766404
La Unión,Colombia,1.6562817,-77.1788048
Pereyaslovskaya,Russia,45.8404226,39.023038
Yangcun,China,22.170437,111.791539
Humpolec,Czech Republic,49.1809643,13.5548562
Cabañas,Guatemala,14.87546,-89.756308
El Corpus,Honduras,13.2881184,-87.0336925
Billings,United States,45.78,-108.5
Talakag,Philippines,8.2321816,124.602106
Kushk,Afghanistan,34.95578,62.233212
Yetang,China,24.192468,115.665617
Losari,Indonesia,-5.1463354,119.4106768
Kuala Lumpur,Malaysia,3.1523104,101.7178316
Engenho,Portugal,41.2681051,-8.308171
Narowlya,Belarus,51.8010382,29.4967759
Yushu,China,32.993106,97.008784
Paniówki,Poland,50.2202953,18.7801585
Bilshivtsi,Ukraine,49.1835908,24.7462961
Puerto Nariño,Colombia,-3.7702,-70.38306
Fréjus,France,43.4320181,6.7329389
Masaran,Indonesia,-7.4703872,110.9387418
Weishanzhuang,China,39.63148,116.414675
Gällivare,Sweden,67.1664476,20.6504797
Qingyang,China,35.709077,107.643631
São José do Egito,Brazil,-7.4686612,-37.2746574
Shengli,China,37.510549,118.325556
Augsburg,Germany,48.3920947,10.8553557
Vostryakovo,Russia,55.6613674,37.4429397
Vancouver,United States,45.6585294,-122.4979879
Guyancourt,France,48.7707356,2.0803619
Soeng Sang,Thailand,14.4324917,102.4265952
Aromashevo,Russia,56.86018,68.63754
Pervoural’sk,Russia,56.8858071,59.8921899
Jardia,Portugal,38.6640687,-8.9161487
Church End,United Kingdom,51.598282,-0.198414
Srinjine,Croatia,43.486492,16.5996595
Cortezia,Portugal,38.9021066,-9.4174646
Alta Gracia,Argentina,-34.6104702,-58.5278307
Clervaux,Luxembourg,50.0549693,6.0239884
Amiens,France,49.8905368,2.3081396
Cincinnati,United States,39.1822152,-84.4225186
Mlalo,Tanzania,-4.5802788,38.3508173
Aktogay,Kazakhstan,46.9554271,79.6785264
Verblyany,Ukraine,50.0478165,23.4271937
Padre Burgos,Philippines,10.049147,125.0259763
Mobile,United States,30.69,-88.06
Bourg-en-Bresse,France,46.2501181,5.1140864
Krasnyye Chetai,Russia,55.68871,46.13865
Al Quţayfah,Syria,33.7393667,36.5958947
Dzerzhinskiy,Russia,55.599064,37.9145292
Ostashkov,Russia,57.14667,33.10753
Hāla,Pakistan,25.8056887,68.4065979
Hongyuan,China,32.790891,102.544405
Viçosa do Ceará,Brazil,-3.5670807,-41.0919197
Dom Pedro,Brazil,-4.9843552,-44.4370606
Milwaukee,United States,43.1095503,-88.0411993
Hashimoto,Japan,38.9814589,139.934112
Zarrīn Shahr,Iran,32.4033247,51.3994672
Novi Bečej,Serbia,45.6011009,20.1415393
Lantian,China,34.151624,109.323479
Saint-Leu-la-Forêt,France,49.0301146,2.2509675
Sufang,China,23.0664459,113.1964636
Jatinagara,Indonesia,-6.2307016,106.8827427
Lab,China,31.299299,121.4494622
Jorong,Indonesia,-3.9318403,114.9754175
El Aguacate,Mexico,18.855626,-98.189463
Chaguaramas,Venezuela,9.338241,-66.2575425
Schroeder,Brazil,-26.3749827,-49.0615086
Beibei,China,29.805107,106.395612
Loivos,Portugal,41.6262043,-7.5092352
Faisalābād,Pakistan,31.4727877,72.9967658
Liuliping,China,32.53292,110.983684
Paris 13,France,43.4945737,5.8978018
Dong Liang’erzhuang,China,31.260385,121.59158
Nobeoka,Japan,32.5496232,131.6597893
Bhamdoun,Lebanon,33.8088596,35.6599267
Mirocin,Poland,50.043163,22.555595
Kapiri Mposhi,Zambia,-13.9778684,28.6848112
Bayog,Philippines,7.9582714,123.0531165
Kamionka Strumitowa,Ukraine,50.0994726,24.3454482
Bořitov,Czech Republic,49.4250351,16.5911908
Austin,United States,30.2915328,-97.7688358
Dolna Banya,Bulgaria,42.3106792,23.7647948
Santa Catalina,Philippines,10.103645,123.6419711
Dalar,Armenia,39.9754634,44.5273861
Huaiyuan Chengguanzhen,China,32.968455,117.167673
Dera Murād Jamāli,Pakistan,28.5459092,68.212618
Tegalgunung,Indonesia,-6.9826515,111.431315
Tongkiling,Indonesia,-1.9735657,113.6799766
Waingapu,Indonesia,-9.7386858,120.182022
Cukalat,Albania,40.7295095,19.7859556
Ruixi,China,27.758574,117.062372
Ciechocin,Poland,53.0319419,18.9576575
Erétria,Greece,38.3927202,23.7930669
Daveluyville,Canada,46.20006,-72.13239
Nankou,China,40.23921,116.12895
Medellín,Colombia,6.3833462,-75.5858886
Sukamaju,Indonesia,-6.4185424,106.8502879
Forquilhinha,Brazil,-28.7477963,-49.4745059
Kuangyuan,China,32.435435,105.843357
Solnechnyy,Russia,51.3842543,58.9999439
Maykopskoye,Russia,44.7400375,39.8885098
Metu,Ethiopia,8.2961481,35.5821994
Ban Chalong,Thailand,13.6153077,100.7434078
Mardakyany,Azerbaijan,40.4810579,50.1454455
Xiwang,China,36.947175,117.702372
Wensu,China,41.276688,80.238959
Fryčovice,Czech Republic,49.6629527,18.2269255
Yotala,Bolivia,-19.156561,-65.267799
Júlio de Castilhos,Brazil,-29.2293516,-53.6827015
Dengyue,China,22.0293,107.632598
Kościerzyna,Poland,51.6437127,18.6691683
Baoxia,China,32.707997,110.341615
Mikstat,Poland,51.5320956,17.9737831
Karpushikha,Russia,57.5038558,59.8937563
Corquín,Honduras,14.5686384,-88.8694951
Madoi,China,34.915946,98.209206
Yanglang,China,34.272117,108.084731
Silago,Philippines,10.527572,125.16258
Kapakabisa,Indonesia,-9.7219,119.2998
Ţubarjal,Saudi Arabia,30.515478,38.2216491
Prosperidad,Philippines,14.6640555,120.9712983
Sun Kunda,Gambia,13.38333,-13.85
Sangmélima,Cameroon,2.9372148,11.9861694
Książ Wielkopolski,Poland,52.0609041,17.239347
Kuče,Croatia,45.6539183,16.1813069
Gakem,Nigeria,6.7703871,8.9935558
Zhanghua,China,37.029718,116.328206
Mieścisko,Poland,52.7441662,17.3278637
Puncaksempur,Indonesia,-7.040572,106.8448686
Xushuguan,China,31.1429853,121.4228893
Gudurica,Serbia,45.1652963,21.4487053
Viçosa,Brazil,-5.98978,-37.9466737
Idah,Nigeria,7.1138119,6.7440467
Wedoro,Indonesia,-7.348395,112.7494759
Sinjhoro,Pakistan,26.0411298,68.9203839
Bayabas,Philippines,8.9800511,126.2545687
Belén de Escobar,Argentina,-34.3306245,-58.7896017
Ravne na Koroškem,Slovenia,46.5448323,14.9660445
Rezh,Russia,57.3665832,61.4221758
Laoxingchang,China,31.3011339,121.4741381
Veracruz,Honduras,14.8925962,-88.7812586
Berovo,Macedonia,41.7007903,22.8587428
Kisai,Japan,36.1008689,139.5772452
Klwów,Poland,51.5344639,20.6364509
Gaojialing,China,29.164409,116.78956
Fort Lauderdale,United States,26.0576497,-80.3101684
Täby,Sweden,59.4304876,18.0591041
Yushan,China,28.682309,118.244769
Charqueadas,Brazil,-29.9629768,-51.629387
Mechrá Belqsiri,Morocco,34.5739933,-5.9515399
Shambu,Ethiopia,9.5646371,37.0990498
Bandar-e Ganāveh,Iran,29.5692083,50.5239096
Chyňava,Czech Republic,50.0385516,14.0470364
Chernukha,Russia,55.6027928,43.763221
Lundazi,Zambia,-12.2848978,33.1745097
Litian,China,25.60162,103.817356
Saubara,Brazil,-12.7732,-38.7891606
Ayabaca,Peru,-4.6389001,-79.7147196
Kantharalak,Thailand,14.6066438,104.705431
Kashiwazaki,Japan,37.7816743,140.9664638
Lanxi,China,29.208918,119.460526
Puutuga,Indonesia,-8.8056791,121.7252457
Calzada Larga,Panama,9.1742107,-79.5687728
Xudat,Azerbaijan,41.6252602,48.6763991
Nanping,China,26.641774,118.17771
Zhenlai,China,45.847435,123.1998901
Soutelo,Portugal,41.5237953,-8.7261408
Huanshan,China,29.714699,118.337521
Xipingle,China,38.263746,114.644894
Cai Doi Vam,Vietnam,8.8732234,104.8162784
Fargo,United States,46.8843099,-96.7847834
Siguqiao,China,28.743812,118.272674
Kurlovo,Russia,55.4563422,40.6134152
‘Aqrah,Iraq,36.7411205,43.8808488
Krajan,Indonesia,-7.5450262,111.6556388
Dongle,China,30.736899,84.520832
Łapczyca,Poland,49.9513027,20.3412605
Los Andes,Chile,-32.8337995,-70.5972179
San Pedro Apartado,Philippines,15.8352583,120.5648017
Nowa Sarzyna,Poland,50.3235719,22.3273146
Ballinteer,Ireland,53.2767301,-6.2554371
Qal‘ah-ye Fārsī,Afghanistan,33.78529,63.24735
Qinjiang,China,27.775323,108.796556
Honglu,China,35.293048,112.390857
Kharabali,Russia,47.4060859,47.254337
Cuozhou,China,35.950418,101.925248
Casma,Peru,-9.4718308,-78.3006626
Quimper,France,47.9962116,-4.1020654
Tân An,Vietnam,10.5330098,106.4052541
Masebewa,Indonesia,-8.729881,122.0212337
Rabak,Sudan,13.1795278,32.7520139
Shuiquan,China,35.640089,103.766427
Bancal,Philippines,15.3098003,119.9994908
Parakanhonje Wetan,Indonesia,-7.2801,108.1944
Springfield,United States,39.7975767,-89.6551671
Gryaznovskoye,Russia,56.7829665,61.7005127
Mashava,Zimbabwe,-20.0511394,30.5106372
Świebodzice,Poland,50.8822214,16.3195565
San Isidro,Philippines,9.939624,126.065213
Amboasary,Madagascar,-24.333333,45.95
Caieiras,Brazil,-23.3711864,-46.7575221
Church End,United Kingdom,51.598282,-0.198414
Gōtsuchō,Japan,35.0133672,132.2241106
San Rafael Abajo,Costa Rica,9.891058,-84.081696
Lumatil,Philippines,5.8734472,124.8979544
Poconé,Brazil,-16.2664706,-56.6265989
Dongting,China,28.8876615,112.5841075
Carvalhinho,Portugal,38.651124,-8.971304
Metchosin,Canada,48.382005,-123.53785
Sambilawang,Indonesia,-7.9822189,111.4782661
Kota Ternate,Indonesia,0.7710308,127.3695176
Kluki,Poland,51.341376,19.23964
Shuangtang,China,29.4099289,120.1289162
Munggang,Indonesia,-6.7837708,107.8569988
Bragança,Brazil,-1.0616193,-46.7830109
Aravissós,Greece,40.8437383,22.2997708
Penha Longa,Portugal,41.1082303,-8.1579962
Futian,China,22.521523,114.055023
Ágios Stéfanos,Greece,39.7538282,19.641646
Hengfeng,China,28.407117,117.596452
Kalapagenep,Indonesia,-7.7955645,108.291137
Angelochóri,Greece,40.4970602,22.8338979
Yunfu,China,22.915094,112.044491
Hastings,New Zealand,-39.6241126,176.8270545
Stepanovićevo,Serbia,45.4141891,19.6990997
Quinipot,Philippines,7.18028,122.22028
Karlstad,Sweden,59.379366,13.503977
Magang,China,31.830035,115.388966
Bogor,Indonesia,-6.5971469,106.8060388
Shaxi,China,26.312444,99.850365
Xinfeng,China,25.386379,114.922922
Rubik,Albania,41.7683491,19.7859556
Lodhrān,Pakistan,29.531734,71.6445305
Khovaling,Tajikistan,38.5056596,70.1455805
Ar Rawḑah,Yemen,14.4670027,47.2752844
Mullsjö,Sweden,57.9250754,13.8832143
Onzaga,Colombia,6.343847,-72.814792
Kuma,Indonesia,-6.155077,106.817744
Leuweheq,Indonesia,-8.2284,123.7414
Mayqayyng,Kazakhstan,51.1334208,71.4655758
Nunchía,Colombia,5.4942923,-72.0942187
Huangjiazhai,China,28.988133,110.206177
A’ershan,China,47.17744,119.943575
Montpellier,France,47.3752386,-0.8453268
Lelystad,Netherlands,52.5077777,5.4757709
Suren,Indonesia,-7.7533886,109.8975853
Yegor’yevsk,Russia,55.3851413,39.0323223
Shiren,China,28.6517036,117.9041296
Al Mukallā,Yemen,14.5404328,49.127197
Balun,Indonesia,-7.1467435,111.5796218
Sruki,Indonesia,-6.8073,111.8104
Paitan Este,Philippines,16.08532,120.03164
Tagta,Turkmenistan,41.65041,59.9164
Cầu Gồ,Vietnam,21.4761084,106.12575
San Juan de Limay,Nicaragua,13.1777422,-86.6132317
Gala,China,55.612118,-2.7795629
Satovcha,Bulgaria,41.5565343,24.0428542
Preserje pri Radomljah,Slovenia,46.1679323,14.5945759
Staten Island,United States,40.5944059,-74.0711359
Gurgurnica,Macedonia,41.8434818,21.1051021
Shchelkovo,Russia,55.9240189,38.0011402
Albacete,Spain,38.5928606,-2.5498208
Citampian,Indonesia,-7.1715356,106.7494367
Itaquaquecetuba,Brazil,-23.4849456,-46.3494828
Jiang’an,China,30.600064,114.309091
Guanli,China,37.186035,120.701061
Jiquilillo,Nicaragua,12.7335527,-87.4424369
Byera Village,Saint Vincent and the Grenadines,13.2570942,-61.125756
Fradelos,Portugal,41.5047902,-8.4776032
El Calvario,Mexico,19.6031486,-99.0550357
Shijak,Albania,41.3458989,19.5657349
Maochen,China,30.859012,113.979421
Zhu’ao,China,36.320344,113.536047
Södertälje,Sweden,59.1866631,17.622548
San Isidro,Argentina,-34.6821989,-58.3298681
Alhos Vedros,Portugal,38.6559826,-9.0096184
Vanadzor,Armenia,40.807399,44.4970268
Strašice,Czech Republic,49.735524,13.7575556
Kittilä,Finland,67.6955232,24.8590222
Gaoping,China,35.797997,112.92392
Kabir,Indonesia,-8.2481387,124.2227061
Paris 14,France,43.4945737,5.8978018
Bileća,Bosnia and Herzegovina,42.8756616,18.4292187
Jacksonville,United States,30.2102306,-81.7458845
Pappádos,Greece,39.0390133,26.4565448
Longsheng,China,25.797931,110.011238
Hefu,China,31.820591,117.227219
Alcoy,Philippines,14.651459,121.0380826
Merke,Kazakhstan,42.8718884,73.1963111
Hebian,China,26.87365,115.102495
Szeged,Hungary,47.4936583,21.66245
Idenao,Cameroon,4.2100095,8.9901033
Xiadong,China,26.770007,113.535405
Martinópolis,Brazil,-22.1468812,-51.1376317
Miami,United States,25.728011,-80.2454223
Baliuag,Philippines,14.955476,120.8868617
Titay,Philippines,7.871544,122.550568
Shuanghe,China,44.840524,82.353656
Kými,Greece,38.636131,24.1027745
Sitovo,Bulgaria,43.5687705,27.8342003
Gesing,Indonesia,-8.3004413,115.0881146
Horad Rechytsa,Belarus,52.36389,30.39472
Meipu,China,45.7718709,126.6701902
Bayḩān,Yemen,14.7976183,45.7189412
Karangpete,Indonesia,-7.324188,110.509841
Floda,Sweden,57.8163425,12.3873642
Pendiqing,China,39.94191,112.00383
Marang,Indonesia,-2.0978271,113.7989815
Gongming,China,24.2696,116.116009
Santa Cecília,Brazil,-26.9655922,-50.4178973
El Ángel,Ecuador,0.6183138,-77.9424531
Novovoronezh,Russia,51.3531567,39.3015305
Marina,Croatia,43.5141037,16.1076867
Buchach,Ukraine,49.064831,25.3817159
Ganyan,China,29.275625,110.790339
Bol,Chad,13.470554,14.707735
Simpangpasir,Indonesia,-0.5732343,117.1323579
Gaoshan,China,26.682871,100.109307
Salzburg,Austria,47.7728849,12.9695096
Jeonju,South Korea,35.8242238,127.1479532
Luchegorsk,Russia,46.4457008,134.3078003
Głubczyce,Poland,50.20027,17.8287
Zhongling,China,28.435584,116.483259
Oepula,Indonesia,-9.7464338,124.4309165
Milano,Italy,45.4476447,9.1855974
Guojiaba,China,30.674124,111.172529
Zhongshanmen,China,22.517585,113.39277
Bornu Yassu,Nigeria,12.2711071,12.5807242
Tarascon,France,44.1640152,3.8481099
Sacramento,United States,38.58,-121.49
Visaginas,Lithuania,55.5945618,26.4507193
Monte da Chaminé,Portugal,38.4480999,-7.5655702
Gennevilliers,France,48.9194633,2.2987001
Longtanhe,China,29.235797,111.083598
Santa Cruz das Flores,Portugal,39.4582827,-31.1338071
Binucayan,Philippines,8.164085,125.8131123
Nyuksenitsa,Russia,60.4136423,44.2412709
Liqi,China,24.385642,102.554313
Medianeira,Brazil,-25.2952784,-54.0932225
Jaguaruana,Brazil,-4.8371532,-37.7662816
Indaial,Brazil,-27.0032601,-49.2435998
Cachoeirinha,Brazil,-6.0768719,-47.8032284
Krajan Tambakrejo,Indonesia,-7.643739,110.284601
Norsborg,Sweden,59.2552832,17.847373
Río Blanquito,Honduras,15.7309288,-87.8991514
Badung,Indonesia,-8.5819296,115.1770586
Lyubeshiv,Ukraine,51.7550673,25.498235
